Resultados Paciente P300S02_00,Resultados Paciente P300S02_01,Resultados Paciente P300S02_010,Resultados Paciente P300S02_011,Resultados Paciente P300S02_012,Resultados Paciente P300S02_013,Resultados Paciente P300S02_014,Resultados Paciente P300S02_015,Resultados Paciente P300S02_016,Resultados Paciente P300S02_017,Resultados Paciente P300S02_018,Resultados Paciente P300S02_019,Resultados Paciente P300S02_02,Resultados Paciente P300S02_03,Resultados Paciente P300S02_04,Resultados Paciente P300S02_05,Resultados Paciente P300S02_06,Resultados Paciente P300S02_07,Resultados Paciente P300S02_08,Resultados Paciente P300S02_09
1.0,2.0,11.0,12.0,13.0,14.0,15.0,16.0,17.0,18.0,19.0,20.0,3.0,4.0,5.0,6.0,7.0,8.0,9.0,10.0
0.5,1.0,5.5,6.0,6.5,7.0,7.5,8.0,8.5,9.0,9.5,10.0,1.5,2.0,2.5,3.0,3.5,4.0,4.5,5.0
59.75858166729536,69.02163257303444,96.11994698475812,96.40774401211776,96.85973748473748,97.04510622244229,97.04510622244229,96.98333806683708,96.98333806683708,96.98333806683708,97.106855596482,97.106855596482,75.87672360568018,85.12254901960785,88.95515780909766,91.94412271686704,93.14895164464016,94.550685887003,95.34240147848112,95.83214995739846
