Resultados Paciente P300S01_00,Resultados Paciente P300S01_01,Resultados Paciente P300S01_010,Resultados Paciente P300S01_011,Resultados Paciente P300S01_012,Resultados Paciente P300S01_013,Resultados Paciente P300S01_014,Resultados Paciente P300S01_015,Resultados Paciente P300S01_016,Resultados Paciente P300S01_017,Resultados Paciente P300S01_018,Resultados Paciente P300S01_019,Resultados Paciente P300S01_02,Resultados Paciente P300S01_03,Resultados Paciente P300S01_04,Resultados Paciente P300S01_05,Resultados Paciente P300S01_06,Resultados Paciente P300S01_07,Resultados Paciente P300S01_08,Resultados Paciente P300S01_09
1.0,2.0,11.0,12.0,13.0,14.0,15.0,16.0,17.0,18.0,19.0,20.0,3.0,4.0,5.0,6.0,7.0,8.0,9.0,10.0
0.5,1.0,5.5,6.0,6.5,7.0,7.5,8.0,8.5,9.0,9.5,10.0,1.5,2.0,2.5,3.0,3.5,4.0,4.5,5.0
66.63879598662209,78.05816937553465,96.22866769208234,96.29355798976594,96.42319277108432,96.42319277108432,96.4879421028588,96.4879421028588,96.55264922870556,96.77742780890097,96.77742780890097,96.84104627766598,77.69830255151062,83.50839500278506,87.43987434966134,90.84965249170838,92.90081521739133,94.89639685618046,95.53713842846072,95.73625027173377
