Resultados Paciente P300S02_00,Resultados Paciente P300S02_01,Resultados Paciente P300S02_010,Resultados Paciente P300S02_011,Resultados Paciente P300S02_012,Resultados Paciente P300S02_013,Resultados Paciente P300S02_014,Resultados Paciente P300S02_015,Resultados Paciente P300S02_016,Resultados Paciente P300S02_017,Resultados Paciente P300S02_018,Resultados Paciente P300S02_019,Resultados Paciente P300S02_02,Resultados Paciente P300S02_03,Resultados Paciente P300S02_04,Resultados Paciente P300S02_05,Resultados Paciente P300S02_06,Resultados Paciente P300S02_07,Resultados Paciente P300S02_08,Resultados Paciente P300S02_09
1.0,2.0,11.0,12.0,13.0,14.0,15.0,16.0,17.0,18.0,19.0,20.0,3.0,4.0,5.0,6.0,7.0,8.0,9.0,10.0
1.0,2.0,11.0,12.0,13.0,14.0,15.0,16.0,17.0,18.0,19.0,20.0,3.0,4.0,5.0,6.0,7.0,8.0,9.0,10.0
71.25968992248062,71.33995864736877,71.18697150015659,71.95099708171206,72.0419668023802,72.57582720588236,72.91640103701815,74.14407169117648,73.68991457350505,73.24853228962817,72.14288750053126,72.14288750053126,70.850903243802,70.850903243802,70.850903243802,71.74676358147242,71.25968992248062,70.78834809432192,70.78834809432192,71.18697150015659
